MEURTHE ET MOSELLE,193,Fey-en-Haye,60,24,40.0,36,60.0,1,1.67,2.78,35,58.33,97.22,LEXG,L.O. SOUTENUE PAR A. LAGU,LISTE OUVRIERE SOUTENUE PAR ARLETTE LAGUILLER,1,1.67,2.86,LEXG,N.P.A.,NOUVEAU PARTI ANTI CAPITALISTE,0,0,0.0,LVEC,EUROPE ECOLOGIE LORRAINE,"EUROPE ECOLOGIE LORRAINE, UNE ENERGIE NOUVELLE POUR LA LORRAINE",1,1.67,2.86,LDVG,FRONT LORRAIN DE GAUCHE,FRONT LORRAIN DE GAUCHE,0,0,0.0,LUG,LA GAUCHE AVEC J.P. MASSE,"LA GAUCHE AVEC JEAN-PIERRE MASSERET : LA VIE, LE COEUR, L'ACTION - RADICALEMENT LORRAIN\"\"",11,18.33,31.43,LAUT,LORRAINE GENERATION SOLID,LA LORRAINE DES GENERATIONS SOLIDAIRES,0,0,0.0,LAUT,ALLIANCE ECOLOGISTE INDEP,ALLIANCE ECOLOGISTE INDEPENDANTE DE LORRAINE,0,0,0.0,LAUT,LA VOIX LORRAINE,LA VOIX LORRAINE,0,0,0.0,LCMD,LA LORRAINE DE TOUTES NOS,LA LORRAINE DE TOUTES NOS FORCES,0,0,0.0,LMAJ,PRIORITE EMPLOI - RASSEMB,PRIORITE EMPLOI - RASSEMBLONS LES LORRAINS,12,20,34.29,LDVD,DEBOUT LA LORRAINE,DEBOUT LA LORRAINE,3,5,8.57,LFN,F.N. POUR LA LORRAINE ET,LISTE FRONT NATIONAL POUR LA LORRAINE ET LES FRANCAIS D'ABORD,7,11.67,20.0,LEXD,NON AUX MINARETS,Non aux minarets en Lorraine,0,0.0,0.0
MEURTHE ET MOSELLE,274,Jarville-la-Malgrange,5418,3131,57.79,2287,42.21,62,1.14,2.71,2225,41.07,97.29,LEXG,L.O. SOUTENUE PAR A. LAGU,LISTE OUVRIERE SOUTENUE PAR ARLETTE LAGUILLER,33,0.61,1.48,LEXG,N.P.A.,NOUVEAU PARTI ANTI CAPITALISTE,58,1.07,2.61,LVEC,EUROPE ECOLOGIE LORRAINE,"EUROPE ECOLOGIE LORRAINE, UNE ENERGIE NOUVELLE POUR LA LORRAINE",216,3.99,9.71,LDVG,FRONT LORRAIN DE GAUCHE,FRONT LORRAIN DE GAUCHE,70,1.29,3.15,LUG,LA GAUCHE AVEC J.P. MASSE,"LA GAUCHE AVEC JEAN-PIERRE MASSERET : LA VIE, LE COEUR, L'ACTION - RADICALEMENT LORRAIN\"\"",820,15.13,36.85,LAUT,LORRAINE GENERATION SOLID,LA LORRAINE DES GENERATIONS SOLIDAIRES,0,0,0.0,LAUT,ALLIANCE ECOLOGISTE INDEP,ALLIANCE ECOLOGISTE INDEPENDANTE DE LORRAINE,39,0.72,1.75,LAUT,LA VOIX LORRAINE,LA VOIX LORRAINE,5,0.09,0.22,LCMD,LA LORRAINE DE TOUTES NOS,LA LORRAINE DE TOUTES NOS FORCES,89,1.64,4.0,LMAJ,PRIORITE EMPLOI - RASSEMB,PRIORITE EMPLOI - RASSEMBLONS LES LORRAINS,518,9.56,23.28,LDVD,DEBOUT LA LORRAINE,DEBOUT LA LORRAINE,38,0.7,1.71,LFN,F.N. POUR LA LORRAINE ET,LISTE FRONT NATIONAL POUR LA LORRAINE ET LES FRANCAIS D'ABORD,288,5.32,12.94,LEXD,NON AUX MINARETS,Non aux minarets en Lorraine,51,0.94,2.29
MEURTHE ET MOSELLE,321,Longlaville,1549,1025,66.17,524,33.83,22,1.42,4.2,502,32.41,95.8,LEXG,L.O. SOUTENUE PAR A. LAGU,LISTE OUVRIERE SOUTENUE PAR ARLETTE LAGUILLER,5,0.32,1.0,LEXG,N.P.A.,NOUVEAU PARTI ANTI CAPITALISTE,21,1.36,4.18,LVEC,EUROPE ECOLOGIE LORRAINE,"EUROPE ECOLOGIE LORRAINE, UNE ENERGIE NOUVELLE POUR LA LORRAINE",32,2.07,6.37,LDVG,FRONT LORRAIN DE GAUCHE,FRONT LORRAIN DE GAUCHE,149,9.62,29.68,LUG,LA GAUCHE AVEC J.P. MASSE,"LA GAUCHE AVEC JEAN-PIERRE MASSERET : LA VIE, LE COEUR, L'ACTION - RADICALEMENT LORRAIN\"\"",160,10.33,31.87,LAUT,LORRAINE GENERATION SOLID,LA LORRAINE DES GENERATIONS SOLIDAIRES,0,0,0.0,LAUT,ALLIANCE ECOLOGISTE INDEP,ALLIANCE ECOLOGISTE INDEPENDANTE DE LORRAINE,9,0.58,1.79,LAUT,LA VOIX LORRAINE,LA VOIX LORRAINE,0,0,0.0,LCMD,LA LORRAINE DE TOUTES NOS,LA LORRAINE DE TOUTES NOS FORCES,12,0.77,2.39,LMAJ,PRIORITE EMPLOI - RASSEMB,PRIORITE EMPLOI - RASSEMBLONS LES LORRAINS,27,1.74,5.38,LDVD,DEBOUT LA LORRAINE,DEBOUT LA LORRAINE,26,1.68,5.18,LFN,F.N. POUR LA LORRAINE ET,LISTE FRONT NATIONAL POUR LA LORRAINE ET LES FRANCAIS D'ABORD,48,3.1,9.56,LEXD,NON AUX MINARETS,Non aux minarets en Lorraine,13,0.84,2.59
MEURTHE ET MOSELLE,337,Malavillers,101,58,57.43,43,42.57,4,3.96,9.3,39,38.61,90.7,LEXG,L.O. SOUTENUE PAR A. LAGU,LISTE OUVRIERE SOUTENUE PAR ARLETTE LAGUILLER,0,0.0,0.0,LEXG,N.P.A.,NOUVEAU PARTI ANTI CAPITALISTE,0,0,0.0,LVEC,EUROPE ECOLOGIE LORRAINE,"EUROPE ECOLOGIE LORRAINE, UNE ENERGIE NOUVELLE POUR LA LORRAINE",4,3.96,10.26,LDVG,FRONT LORRAIN DE GAUCHE,FRONT LORRAIN DE GAUCHE,3,2.97,7.69,LUG,LA GAUCHE AVEC J.P. MASSE,"LA GAUCHE AVEC JEAN-PIERRE MASSERET : LA VIE, LE COEUR, L'ACTION - RADICALEMENT LORRAIN\"\"",11,10.89,28.21,LAUT,LORRAINE GENERATION SOLID,LA LORRAINE DES GENERATIONS SOLIDAIRES,0,0,0.0,LAUT,ALLIANCE ECOLOGISTE INDEP,ALLIANCE ECOLOGISTE INDEPENDANTE DE LORRAINE,1,0.99,2.56,LAUT,LA VOIX LORRAINE,LA VOIX LORRAINE,0,0,0.0,LCMD,LA LORRAINE DE TOUTES NOS,LA LORRAINE DE TOUTES NOS FORCES,0,0,0.0,LMAJ,PRIORITE EMPLOI - RASSEMB,PRIORITE EMPLOI - RASSEMBLONS LES LORRAINS,13,12.87,33.33,LDVD,DEBOUT LA LORRAINE,DEBOUT LA LORRAINE,2,1.98,5.13,LFN,F.N. POUR LA LORRAINE ET,LISTE FRONT NATIONAL POUR LA LORRAINE ET LES FRANCAIS D'ABORD,4,3.96,10.26,LEXD,NON AUX MINARETS,Non aux minarets en Lorraine,1,0.99,2.56
MOSELLE,31,Ars-Laquenexy,656,273,41.62,383,58.38,11,1.68,2.87,372,56.71,97.13,LEXG,L.O. SOUTENUE PAR A. LAGU,LISTE OUVRIERE SOUTENUE PAR ARLETTE LAGUILLER,2,0.3,0.54,LEXG,N.P.A.,NOUVEAU PARTI ANTI CAPITALISTE,7,1.07,1.88,LVEC,EUROPE ECOLOGIE LORRAINE,"EUROPE ECOLOGIE LORRAINE, UNE ENERGIE NOUVELLE POUR LA LORRAINE",56,8.54,15.05,LDVG,FRONT LORRAIN DE GAUCHE,FRONT LORRAIN DE GAUCHE,11,1.68,2.96,LUG,LA GAUCHE AVEC J.P. MASSE,"LA GAUCHE AVEC JEAN-PIERRE MASSERET : LA VIE, LE COEUR, L'ACTION - RADICALEMENT LORRAIN\"\"",120,18.29,32.26,LAUT,LORRAINE GENERATION SOLID,LA LORRAINE DES GENERATIONS SOLIDAIRES,0,0,0.0,LAUT,ALLIANCE ECOLOGISTE INDEP,ALLIANCE ECOLOGISTE INDEPENDANTE DE LORRAINE,13,1.98,3.49,LAUT,LA VOIX LORRAINE,LA VOIX LORRAINE,0,0,0.0,LCMD,LA LORRAINE DE TOUTES NOS,LA LORRAINE DE TOUTES NOS FORCES,14,2.13,3.76,LMAJ,PRIORITE EMPLOI - RASSEMB,PRIORITE EMPLOI - RASSEMBLONS LES LORRAINS,86,13.11,23.12,LDVD,DEBOUT LA LORRAINE,DEBOUT LA LORRAINE,6,0.91,1.61,LFN,F.N. POUR LA LORRAINE ET,LISTE FRONT NATIONAL POUR LA LORRAINE ET LES FRANCAIS D'ABORD,48,7.32,12.9,LEXD,NON AUX MINARETS,Non aux minarets en Lorraine,9,1.37,2.42
MOSELLE,143,Clouange,2633,1742,66.16,891,33.84,48,1.82,5.39,843,32.02,94.61,LEXG,L.O. SOUTENUE PAR A. LAGU,LISTE OUVRIERE SOUTENUE PAR ARLETTE LAGUILLER,19,0.72,2.25,LEXG,N.P.A.,NOUVEAU PARTI ANTI CAPITALISTE,27,1.03,3.2,LVEC,EUROPE ECOLOGIE LORRAINE,"EUROPE ECOLOGIE LORRAINE, UNE ENERGIE NOUVELLE POUR LA LORRAINE",50,1.9,5.93,LDVG,FRONT LORRAIN DE GAUCHE,FRONT LORRAIN DE GAUCHE,28,1.06,3.32,LUG,LA GAUCHE AVEC J.P. MASSE,"LA GAUCHE AVEC JEAN-PIERRE MASSERET : LA VIE, LE COEUR, L'ACTION - RADICALEMENT LORRAIN\"\"",357,13.56,42.35,LAUT,LORRAINE GENERATION SOLID,LA LORRAINE DES GENERATIONS SOLIDAIRES,0,0,0.0,LAUT,ALLIANCE ECOLOGISTE INDEP,ALLIANCE ECOLOGISTE INDEPENDANTE DE LORRAINE,21,0.8,2.49,LAUT,LA VOIX LORRAINE,LA VOIX LORRAINE,6,0.23,0.71,LCMD,LA LORRAINE DE TOUTES NOS,LA LORRAINE DE TOUTES NOS FORCES,16,0.61,1.9,LMAJ,PRIORITE EMPLOI - RASSEMB,PRIORITE EMPLOI - RASSEMBLONS LES LORRAINS,164,6.23,19.45,LDVD,DEBOUT LA LORRAINE,DEBOUT LA LORRAINE,8,0.3,0.95,LFN,F.N. POUR LA LORRAINE ET,LISTE FRONT NATIONAL POUR LA LORRAINE ET LES FRANCAIS D'ABORD,124,4.71,14.71,LEXD,NON AUX MINARETS,Non aux minarets en Lorraine,23,0.87,2.73
MOSELLE,276,Guinglange,207,104,50.24,103,49.76,11,5.31,10.68,92,44.44,89.32,LEXG,L.O. SOUTENUE PAR A. LAGU,LISTE OUVRIERE SOUTENUE PAR ARLETTE LAGUILLER,1,0.48,1.09,LEXG,N.P.A.,NOUVEAU PARTI ANTI CAPITALISTE,0,0,0.0,LVEC,EUROPE ECOLOGIE LORRAINE,"EUROPE ECOLOGIE LORRAINE, UNE ENERGIE NOUVELLE POUR LA LORRAINE",9,4.35,9.78,LDVG,FRONT LORRAIN DE GAUCHE,FRONT LORRAIN DE GAUCHE,0,0,0.0,LUG,LA GAUCHE AVEC J.P. MASSE,"LA GAUCHE AVEC JEAN-PIERRE MASSERET : LA VIE, LE COEUR, L'ACTION - RADICALEMENT LORRAIN\"\"",19,9.18,20.65,LAUT,LORRAINE GENERATION SOLID,LA LORRAINE DES GENERATIONS SOLIDAIRES,0,0,0.0,LAUT,ALLIANCE ECOLOGISTE INDEP,ALLIANCE ECOLOGISTE INDEPENDANTE DE LORRAINE,1,0.48,1.09,LAUT,LA VOIX LORRAINE,LA VOIX LORRAINE,1,0.48,1.09,LCMD,LA LORRAINE DE TOUTES NOS,LA LORRAINE DE TOUTES NOS FORCES,2,0.97,2.17,LMAJ,PRIORITE EMPLOI - RASSEMB,PRIORITE EMPLOI - RASSEMBLONS LES LORRAINS,33,15.94,35.87,LDVD,DEBOUT LA LORRAINE,DEBOUT LA LORRAINE,5,2.42,5.43,LFN,F.N. POUR LA LORRAINE ET,LISTE FRONT NATIONAL POUR LA LORRAINE ET LES FRANCAIS D'ABORD,19,9.18,20.65,LEXD,NON AUX MINARETS,Non aux minarets en Lorraine,2,0.97,2.17
MOSELLE,353,Juvelize,75,29,38.67,46,61.33,1,1.33,2.17,45,60.0,97.83,LEXG,L.O. SOUTENUE PAR A. LAGU,LISTE OUVRIERE SOUTENUE PAR ARLETTE LAGUILLER,2,2.67,4.44,LEXG,N.P.A.,NOUVEAU PARTI ANTI CAPITALISTE,2,2.67,4.44,LVEC,EUROPE ECOLOGIE LORRAINE,"EUROPE ECOLOGIE LORRAINE, UNE ENERGIE NOUVELLE POUR LA LORRAINE",1,1.33,2.22,LDVG,FRONT LORRAIN DE GAUCHE,FRONT LORRAIN DE GAUCHE,0,0,0.0,LUG,LA GAUCHE AVEC J.P. MASSE,"LA GAUCHE AVEC JEAN-PIERRE MASSERET : LA VIE, LE COEUR, L'ACTION - RADICALEMENT LORRAIN\"\"",9,12,20.0,LAUT,LORRAINE GENERATION SOLID,LA LORRAINE DES GENERATIONS SOLIDAIRES,0,0,0.0,LAUT,ALLIANCE ECOLOGISTE INDEP,ALLIANCE ECOLOGISTE INDEPENDANTE DE LORRAINE,1,1.33,2.22,LAUT,LA VOIX LORRAINE,LA VOIX LORRAINE,0,0,0.0,LCMD,LA LORRAINE DE TOUTES NOS,LA LORRAINE DE TOUTES NOS FORCES,3,4,6.67,LMAJ,PRIORITE EMPLOI - RASSEMB,PRIORITE EMPLOI - RASSEMBLONS LES LORRAINS,13,17.33,28.89,LDVD,DEBOUT LA LORRAINE,DEBOUT LA LORRAINE,4,5.33,8.89,LFN,F.N. POUR LA LORRAINE ET,LISTE FRONT NATIONAL POUR LA LORRAINE ET LES FRANCAIS D'ABORD,9,12,20.0,LEXD,NON AUX MINARETS,Non aux minarets en Lorraine,1,1.33,2.22
MOSELLE,402,Liederschiedt,92,61,66.3,31,33.7,1,1.09,3.23,30,32.61,96.77,LEXG,L.O. SOUTENUE PAR A. LAGU,LISTE OUVRIERE SOUTENUE PAR ARLETTE LAGUILLER,0,0.0,0.0,LEXG,N.P.A.,NOUVEAU PARTI ANTI CAPITALISTE,0,0,0.0,LVEC,EUROPE ECOLOGIE LORRAINE,"EUROPE ECOLOGIE LORRAINE, UNE ENERGIE NOUVELLE POUR LA LORRAINE",8,8.7,26.67,LDVG,FRONT LORRAIN DE GAUCHE,FRONT LORRAIN DE GAUCHE,0,0,0.0,LUG,LA GAUCHE AVEC J.P. MASSE,"LA GAUCHE AVEC JEAN-PIERRE MASSERET : LA VIE, LE COEUR, L'ACTION - RADICALEMENT LORRAIN\"\"",8,8.7,26.67,LAUT,LORRAINE GENERATION SOLID,LA LORRAINE DES GENERATIONS SOLIDAIRES,0,0,0.0,LAUT,ALLIANCE ECOLOGISTE INDEP,ALLIANCE ECOLOGISTE INDEPENDANTE DE LORRAINE,1,1.09,3.33,LAUT,LA VOIX LORRAINE,LA VOIX LORRAINE,0,0,0.0,LCMD,LA LORRAINE DE TOUTES NOS,LA LORRAINE DE TOUTES NOS FORCES,1,1.09,3.33,LMAJ,PRIORITE EMPLOI - RASSEMB,PRIORITE EMPLOI - RASSEMBLONS LES LORRAINS,9,9.78,30.0,LDVD,DEBOUT LA LORRAINE,DEBOUT LA LORRAINE,0,0,0.0,LFN,F.N. POUR LA LORRAINE ET,LISTE FRONT NATIONAL POUR LA LORRAINE ET LES FRANCAIS D'ABORD,3,3.26,10.0,LEXD,NON AUX MINARETS,Non aux minarets en Lorraine,0,0.0,0.0
MOSELLE,425,Luppy,431,250,58.0,181,42.0,8,1.86,4.42,173,40.14,95.58,LEXG,L.O. SOUTENUE PAR A. LAGU,LISTE OUVRIERE SOUTENUE PAR ARLETTE LAGUILLER,1,0.23,0.58,LEXG,N.P.A.,NOUVEAU PARTI ANTI CAPITALISTE,1,0.23,0.58,LVEC,EUROPE ECOLOGIE LORRAINE,"EUROPE ECOLOGIE LORRAINE, UNE ENERGIE NOUVELLE POUR LA LORRAINE",21,4.87,12.14,LDVG,FRONT LORRAIN DE GAUCHE,FRONT LORRAIN DE GAUCHE,1,0.23,0.58,LUG,LA GAUCHE AVEC J.P. MASSE,"LA GAUCHE AVEC JEAN-PIERRE MASSERET : LA VIE, LE COEUR, L'ACTION - RADICALEMENT LORRAIN\"\"",53,12.3,30.64,LAUT,LORRAINE GENERATION SOLID,LA LORRAINE DES GENERATIONS SOLIDAIRES,0,0,0.0,LAUT,ALLIANCE ECOLOGISTE INDEP,ALLIANCE ECOLOGISTE INDEPENDANTE DE LORRAINE,10,2.32,5.78,LAUT,LA VOIX LORRAINE,LA VOIX LORRAINE,0,0,0.0,LCMD,LA LORRAINE DE TOUTES NOS,LA LORRAINE DE TOUTES NOS FORCES,6,1.39,3.47,LMAJ,PRIORITE EMPLOI - RASSEMB,PRIORITE EMPLOI - RASSEMBLONS LES LORRAINS,37,8.58,21.39,LDVD,DEBOUT LA LORRAINE,DEBOUT LA LORRAINE,5,1.16,2.89,LFN,F.N. POUR LA LORRAINE ET,LISTE FRONT NATIONAL POUR LA LORRAINE ET LES FRANCAIS D'ABORD,35,8.12,20.23,LEXD,NON AUX MINARETS,Non aux minarets en Lorraine,3,0.7,1.73
MOSELLE,501,Neufvillage,47,23,48.94,24,51.06,7,14.89,29.17,17,36.17,70.83,LEXG,L.O. SOUTENUE PAR A. LAGU,LISTE OUVRIERE SOUTENUE PAR ARLETTE LAGUILLER,0,0.0,0.0,LEXG,N.P.A.,NOUVEAU PARTI ANTI CAPITALISTE,0,0,0.0,LVEC,EUROPE ECOLOGIE LORRAINE,"EUROPE ECOLOGIE LORRAINE, UNE ENERGIE NOUVELLE POUR LA LORRAINE",1,2.13,5.88,LDVG,FRONT LORRAIN DE GAUCHE,FRONT LORRAIN DE GAUCHE,0,0,0.0,LUG,LA GAUCHE AVEC J.P. MASSE,"LA GAUCHE AVEC JEAN-PIERRE MASSERET : LA VIE, LE COEUR, L'ACTION - RADICALEMENT LORRAIN\"\"",9,19.15,52.94,LAUT,LORRAINE GENERATION SOLID,LA LORRAINE DES GENERATIONS SOLIDAIRES,0,0,0.0,LAUT,ALLIANCE ECOLOGISTE INDEP,ALLIANCE ECOLOGISTE INDEPENDANTE DE LORRAINE,1,2.13,5.88,LAUT,LA VOIX LORRAINE,LA VOIX LORRAINE,0,0,0.0,LCMD,LA LORRAINE DE TOUTES NOS,LA LORRAINE DE TOUTES NOS FORCES,0,0,0.0,LMAJ,PRIORITE EMPLOI - RASSEMB,PRIORITE EMPLOI - RASSEMBLONS LES LORRAINS,2,4.26,11.76,LDVD,DEBOUT LA LORRAINE,DEBOUT LA LORRAINE,0,0,0.0,LFN,F.N. POUR LA LORRAINE ET,LISTE FRONT NATIONAL POUR LA LORRAINE ET LES FRANCAIS D'ABORD,3,6.38,17.65,LEXD,NON AUX MINARETS,Non aux minarets en Lorraine,1,2.13,5.88
MOSELLE,610,Saint-François-Lacroix,176,122,69.32,54,30.68,6,3.41,11.11,48,27.27,88.89,LEXG,L.O. SOUTENUE PAR A. LAGU,LISTE OUVRIERE SOUTENUE PAR ARLETTE LAGUILLER,1,0.57,2.08,LEXG,N.P.A.,NOUVEAU PARTI ANTI CAPITALISTE,0,0,0.0,LVEC,EUROPE ECOLOGIE LORRAINE,"EUROPE ECOLOGIE LORRAINE, UNE ENERGIE NOUVELLE POUR LA LORRAINE",2,1.14,4.17,LDVG,FRONT LORRAIN DE GAUCHE,FRONT LORRAIN DE GAUCHE,1,0.57,2.08,LUG,LA GAUCHE AVEC J.P. MASSE,"LA GAUCHE AVEC JEAN-PIERRE MASSERET : LA VIE, LE COEUR, L'ACTION - RADICALEMENT LORRAIN\"\"",12,6.82,25.0,LAUT,LORRAINE GENERATION SOLID,LA LORRAINE DES GENERATIONS SOLIDAIRES,0,0,0.0,LAUT,ALLIANCE ECOLOGISTE INDEP,ALLIANCE ECOLOGISTE INDEPENDANTE DE LORRAINE,4,2.27,8.33,LAUT,LA VOIX LORRAINE,LA VOIX LORRAINE,0,0,0.0,LCMD,LA LORRAINE DE TOUTES NOS,LA LORRAINE DE TOUTES NOS FORCES,2,1.14,4.17,LMAJ,PRIORITE EMPLOI - RASSEMB,PRIORITE EMPLOI - RASSEMBLONS LES LORRAINS,14,7.95,29.17,LDVD,DEBOUT LA LORRAINE,DEBOUT LA LORRAINE,1,0.57,2.08,LFN,F.N. POUR LA LORRAINE ET,LISTE FRONT NATIONAL POUR LA LORRAINE ET LES FRANCAIS D'ABORD,9,5.11,18.75,LEXD,NON AUX MINARETS,Non aux minarets en Lorraine,2,1.14,4.17
VOSGES,453,Seraumont,32,13,40.63,19,59.38,8,25.0,42.11,11,34.38,57.89,LEXG,L.O. SOUTENUE PAR A. LAGU,LISTE OUVRIERE SOUTENUE PAR ARLETTE LAGUILLER,0,0.0,0.0,LEXG,N.P.A.,NOUVEAU PARTI ANTI CAPITALISTE,0,0,0.0,LVEC,EUROPE ECOLOGIE LORRAINE,"EUROPE ECOLOGIE LORRAINE, UNE ENERGIE NOUVELLE POUR LA LORRAINE",0,0,0.0,LDVG,FRONT LORRAIN DE GAUCHE,FRONT LORRAIN DE GAUCHE,0,0,0.0,LUG,LA GAUCHE AVEC J.P. MASSE,"LA GAUCHE AVEC JEAN-PIERRE MASSERET : LA VIE, LE COEUR, L'ACTION - RADICALEMENT LORRAIN\"\"",7,21.88,63.64,LAUT,LORRAINE GENERATION SOLID,LA LORRAINE DES GENERATIONS SOLIDAIRES,0,0,0.0,LAUT,ALLIANCE ECOLOGISTE INDEP,ALLIANCE ECOLOGISTE INDEPENDANTE DE LORRAINE,0,0,0.0,LAUT,LA VOIX LORRAINE,LA VOIX LORRAINE,0,0,0.0,LCMD,LA LORRAINE DE TOUTES NOS,LA LORRAINE DE TOUTES NOS FORCES,0,0,0.0,LMAJ,PRIORITE EMPLOI - RASSEMB,PRIORITE EMPLOI - RASSEMBLONS LES LORRAINS,1,3.13,9.09,LDVD,DEBOUT LA LORRAINE,DEBOUT LA LORRAINE,0,0,0.0,LFN,F.N. POUR LA LORRAINE ET,LISTE FRONT NATIONAL POUR LA LORRAINE ET LES FRANCAIS D'ABORD,3,9.38,27.27,LEXD,NON AUX MINARETS,Non aux minarets en Lorraine,0,0.0,0.0
